{
  "train_loss": [
    0.9567255973815918,
    0.9782268404960632,
    0.6131212115287781,
    0.7554284930229187,
    0.6037208437919617,
    0.7367217540740967,
    0.6260420083999634,
    0.5676459670066833,
    0.8453182578086853,
    0.6029502153396606,
    0.4619494080543518,
    0.5219525694847107,
    0.46950894594192505,
    0.38862553238868713,
    0.4193824827671051,
    0.4761431813240051,
    0.48962417244911194,
    0.3751785159111023,
    0.35433921217918396,
    0.38730016350746155,
    0.41776296496391296,
    0.33838364481925964,
    0.33523648977279663,
    0.35930246114730835,
    0.3280150592327118,
    0.31177130341529846,
    0.42973557114601135,
    0.31696954369544983,
    0.31259387731552124,
    0.4030850827693939,
    0.2538028359413147,
    0.27020689845085144,
    0.30657628178596497,
    0.26859456300735474,
    0.24963466823101044,
    0.2555643618106842,
    0.3341553211212158,
    0.28316545486450195,
    0.282457560300827,
    0.25268667936325073,
    0.21227538585662842,
    0.203873872756958,
    0.2508637309074402,
    0.22282364964485168,
    0.2523389756679535,
    0.17577224969863892,
    0.2622908651828766,
    0.2281457632780075,
    0.2349393665790558,
    0.17343804240226746,
    0.1845603585243225,
    0.18028469383716583,
    0.2467053234577179,
    0.23529770970344543,
    0.17619231343269348,
    0.16381512582302094,
    0.15873807668685913,
    0.19586394727230072,
    0.14518727362155914,
    0.17484499514102936
  ],
  "test_loss": [
    1.0178208439350127,
    0.9083507125377654,
    0.6392721787691117,
    0.5843744460344314,
    0.5339493179321289,
    0.5015481979846954,
    0.47407661807537077,
    0.42309945237636565,
    0.41532355880737304,
    0.37609888637065886,
    0.33202698481082915,
    0.2885294535756111,
    0.2577879901528358,
    0.23556672632694245,
    0.18799577885866164,
    0.17043656319379807,
    0.15310551857948304,
    0.13562164896726608,
    0.11860560911893844,
    0.11110858690738679,
    0.10682935874164104,
    0.09036659985780716,
    0.0926368663907051,
    0.08035440100729466,
    0.07195797774195671,
    0.07038042390346527,
    0.06475476693361998,
    0.0655004499554634,
    0.06405740901827812,
    0.06125631016492843,
    0.057667944237589835,
    0.055865559183061124,
    0.05025180667638779,
    0.052903547734022144,
    0.049990436114370825,
    0.04952869524806738,
    0.05058488808572292,
    0.04689695194363594,
    0.04678619319200516,
    0.046837542831897734,
    0.043912794560194014,
    0.044112913951277734,
    0.04696140123158693,
    0.041969365052878856,
    0.044134666085243225,
    0.04219285079836845,
    0.04286166346073151,
    0.04470722607523203,
    0.04414248649775982,
    0.03938911580294371,
    0.04520634762197733,
    0.042652037888765336,
    0.04046664284169674,
    0.03966430793702602,
    0.040472082629799844,
    0.040170445911586285,
    0.04044074250012636,
    0.038975786805152894,
    0.037713410481810566,
    0.03784209708124399
  ],
  "step": [
    500,
    1000,
    1500,
    2000,
    2500,
    3000,
    3500,
    4000,
    4500,
    5000,
    5500,
    6000,
    6500,
    7000,
    7500,
    8000,
    8500,
    9000,
    9500,
    10000,
    10500,
    11000,
    11500,
    12000,
    12500,
    13000,
    13500,
    14000,
    14500,
    15000,
    15500,
    16000,
    16500,
    17000,
    17500,
    18000,
    18500,
    19000,
    19500,
    20000,
    20500,
    21000,
    21500,
    22000,
    22500,
    23000,
    23500,
    24000,
    24500,
    25000,
    25500,
    26000,
    26500,
    27000,
    27500,
    28000,
    28500,
    29000,
    29500,
    30000
  ],
  "wall_time": [
    14.336970806121826,
    27.77074122428894,
    41.35593128204346,
    55.217400789260864,
    68.71439671516418,
    82.200852394104,
    95.91923189163208,
    109.3020179271698,
    122.78064751625061,
    136.20425748825073,
    149.78146719932556,
    163.80571579933167,
    177.65680503845215,
    191.0835840702057,
    204.53411293029785,
    218.06622290611267,
    231.71623945236206,
    245.21984386444092,
    259.17466282844543,
    273.1649580001831,
    286.82505559921265,
    300.44084668159485,
    314.0403208732605,
    327.55035758018494,
    341.39920830726624,
    354.8140654563904,
    368.6535189151764,
    382.55468702316284,
    395.9210093021393,
    409.4899163246155,
    423.7099220752716,
    437.2911283969879,
    450.9373733997345,
    464.62508940696716,
    478.8674602508545,
    492.6251554489136,
    506.31251978874207,
    519.9514605998993,
    533.588621377945,
    547.180169582367,
    560.651670217514,
    574.5829832553864,
    588.5499331951141,
    602.3640675544739,
    616.0315492153168,
    629.5340974330902,
    643.0578594207764,
    656.6259520053864,
    670.129739522934,
    684.173216342926,
    698.0354740619659,
    711.5738892555237,
    725.1196541786194,
    738.6630001068115,
    752.190714597702,
    766.0502688884735,
    779.5691440105438,
    793.3298072814941,
    807.3523216247559,
    821.135374546051
  ]
}